 2020-03-25 15:18:37.280017+00:00, Admin,[GET] /board/identifiers/ 

 2020-03-25 15:23:42.887175+00:00, Admin,[GET] /board/identifiers/ 

 2020-03-25 15:23:52.083425+00:00, Admin,[GET] /board/identifiers/ 

 2020-03-25 15:24:20.438328+00:00, Admin,[GET] /board/identifiers/ 

 2020-03-25 15:25:32.082211+00:00, Admin,[GET] /board/identifiers/ 

 2020-03-25 15:26:00.788764+00:00, Admin,[GET] /admin/ 

 2020-03-25 15:26:08.864080+00:00, Admin,[GET] /admin/django_comments/comment/ 

 2020-03-25 15:26:12.106259+00:00, Admin,[GET] /admin/jsi18n/ 

 2020-03-25 15:26:31.674546+00:00, Admin,[GET] /admin/django_comments/ 

 2020-03-25 15:26:36.855626+00:00, Admin,[GET] /admin/ 

 2020-03-25 15:28:47.401065+00:00, Admin,[GET] /admin/ 

 2020-03-25 15:28:56.327563+00:00, Admin,[GET] /admin/ 

 2020-03-25 15:32:30.074665+00:00, Admin,[GET] /board/identifiers/ 

 2020-03-25 15:32:32.767025+00:00, Admin,[GET] /admin/dashboard/identifier/ 

 2020-03-25 15:32:37.811954+00:00, Admin,[GET] /admin/jsi18n/ 

 2020-03-25 15:33:58.473499+00:00, Admin,[GET] /admin/dashboard/identifier/add/ 

 2020-03-25 15:34:00.388067+00:00, Admin,[GET] /admin/jsi18n/ 

 2020-03-25 15:34:41.228082+00:00, Admin,[POST] /admin/dashboard/identifier/add/ 

 2020-03-25 15:34:42.551863+00:00, Admin,[GET] /admin/dashboard/identifier/ 

 2020-03-25 15:34:44.647413+00:00, Admin,[GET] /admin/jsi18n/ 

 2020-03-25 15:34:47.671524+00:00, Admin,[GET] /admin/dashboard/identifier/add/ 

 2020-03-25 15:34:49.393204+00:00, Admin,[GET] /admin/jsi18n/ 

 2020-03-25 15:35:33.358401+00:00, Admin,[POST] /admin/dashboard/identifier/add/ 

 2020-03-25 15:35:35.435956+00:00, Admin,[GET] /admin/jsi18n/ 

 2020-03-25 15:35:41.953181+00:00, Admin,[POST] /admin/dashboard/identifier/add/ 

 2020-03-25 15:35:43.154603+00:00, Admin,[GET] /admin/dashboard/identifier/2/change/ 

 2020-03-25 15:35:45.068563+00:00, Admin,[GET] /admin/jsi18n/ 

 2020-03-25 15:35:51.371284+00:00, Admin,[GET] /admin/dashboard/ 

 2020-03-25 15:35:59.107814+00:00, Admin,[GET] /board/identifiers/ 

 2020-03-25 15:36:04.354460+00:00, Admin,[GET] /admin/dashboard/identifier/ 

 2020-03-25 15:36:06.496683+00:00, Admin,[GET] /admin/jsi18n/ 

 2020-03-25 15:36:12.307694+00:00, Admin,[GET] /admin/dashboard/identifier/add/ 

 2020-03-25 15:36:14.246937+00:00, Admin,[GET] /admin/jsi18n/ 

 2020-03-25 15:37:49.295543+00:00, Admin,[POST] /admin/dashboard/identifier/add/ 

 2020-03-25 15:37:51.460156+00:00, Admin,[GET] /admin/jsi18n/ 

 2020-03-25 15:37:57.710709+00:00, Admin,[POST] /admin/dashboard/identifier/add/ 

 2020-03-25 15:37:59.200172+00:00, Admin,[GET] /admin/dashboard/identifier/ 

 2020-03-25 15:38:01.367885+00:00, Admin,[GET] /admin/jsi18n/ 

 2020-03-25 15:38:39.593864+00:00, Admin,[GET] /board/identifiers/ 

 2020-03-25 15:38:39.981765+00:00, Admin,[GET] /board/identifiers/ 

 2020-03-25 15:39:29.136336+00:00, Admin,[GET] /board/identifiers/ 

 2020-03-25 15:52:53.576696+00:00, Admin,[GET] /admin/dashboard/identifier/1/change/ 

 2020-03-25 15:52:54.241695+00:00, Admin,[GET] /board/identifiers/ 

 2020-03-25 15:52:59.272563+00:00, Admin,[GET] /admin/jsi18n/ 

 2020-03-25 15:54:23.411057+00:00, Admin,[GET] /board/identifiers/ 

 2020-03-25 16:01:32.079550+00:00, Admin,[GET] /board/identifiers/ 

 2020-03-25 16:09:27.837864+00:00, Admin,[GET] /board/identifiers/ 

 2020-03-25 16:09:51.766800+00:00, Admin,[POST] /admin/dashboard/identifier/1/change/ 

 2020-03-25 16:09:53.102751+00:00, Admin,[GET] /admin/dashboard/identifier/ 

 2020-03-25 16:09:55.546283+00:00, Admin,[GET] /admin/jsi18n/ 

 2020-03-25 16:11:38.698331+00:00, Admin,[GET] /board/identifiers/ 

 2020-03-25 16:13:08.547295+00:00, Admin,[GET] /board/identifiers/ 

 2020-03-25 16:13:22.913333+00:00, Admin,[GET] /board/identifiers/ 

